ID,NAME,ANIM_FIRE,RUMBLE_L,RUMBLE_R,RUMBLE_D,ANIM_RELOAD,SIGHTED_TRANS,UNSIGHTED_TRANS,SPEED,ATTACK_DELAY,CAPACITY,WEIGHT,ATTACK_SPEED,AP,ATTACK_RATE,MANUAL_RATE,DEF_FIRE_RATE
006446c8,crFanaticProtectronMeleeRight,,,,,,,,1.0,0.0,0,2.0,0.6666666865348816,20.0,15.0,0,91.0
0010fd34,crDLC01BotMeleeProtectronClawRight,,,,,,,,1.0,0.0,0,2.0,0.6666666865348816,20.0,15.0,0,91.0
0010fd33,crDLC01BotMeleeProtectronClawLeft,,,,,,,,1.0,0.0,0,2.0,0.6666666865348816,20.0,15.0,0,91.0
0010fd2f,crDLC01BotMeleeSawLeft,,,,,,,,1.0,0.0,0,2.0,0.6666666865348816,20.0,15.0,0,91.0
0010fd2e,crDLC01BotMeleeHookRight,,,,,,,,1.0,0.0,0,2.0,0.6666666865348816,20.0,15.0,0,91.0
0010fd26,crDLC01BotMeleeAxeRight,,,,,,,,1.0,0.0,0,2.0,0.6666666865348816,20.0,15.0,0,91.0
0010fd25,crDLC01BotMeleeAxeLeft,,,,,,,,1.0,0.0,0,2.0,0.6666666865348816,20.0,15.0,0,91.0
0010f009,crDLC01BotMeleeViceRight,,,,,,,,1.0,0.0,0,2.0,0.6666666865348816,20.0,15.0,0,91.0
0010f008,crDLC01BotMeleeViceLeft,,,,,,,,1.0,0.0,0,2.0,0.6666666865348816,20.0,15.0,0,91.0
0010ed43,crDLC01BotMeleeAssaultronBladeRight,,,,,,,,1.0,0.0,0,2.0,0.6666666865348816,20.0,15.0,0,91.0
0010ed42,crDLC01BotMeleeAssaultronBladeLeft,,,,,,,,1.0,0.0,0,2.0,0.6666666865348816,20.0,15.0,0,91.0
0010ea6f,crDLC01BotMeleeAssaultronClawRight,,,,,,,,1.0,0.0,0,2.0,0.6666666865348816,20.0,15.0,0,91.0
0010ea6e,crDLC01BotMeleeAssaultronClawLeft,,,,,,,,1.0,0.0,0,2.0,0.6666666865348816,20.0,15.0,0,91.0
001bd15b,crUnarmedProtectron,,,,,,,,1.0,0.0,0,0.0,0.6666666865348816,20.0,15.0,0,91.0
006446c9,crFanaticProtectronMeleeLeft,,,,,,,,1.0,0.0,0,2.0,0.666700005531311,20.0,14.999,0,91.0
0010fbe1,crDLC01BotMeleeHammerSawRight,,,,,,,,1.0,0.0,0,3.0,0.7333433628082275,35.0,13.636,0,91.0
000c9799,crUnarmedStingwingNoPoison,,,,,,,,1.0,0.0,0,0.0,0.7600000500679016,20.0,13.158,0,91.0
000c2c36,crUnarmedStingwing,,,,,,,,1.0,0.0,0,0.0,0.7600000500679016,20.0,13.158,0,91.0
006d1bdb,crShowmenBowieKnife,,,,,,,,1.0,0.0,0,1.0,0.7944528460502625,20.0,12.587,0,91.0
006d1bc8,XPD_AC02_JullianCombatKnife,,,,,,,,1.0,0.0,0,1.0,0.7944528460502625,20.0,12.587,0,91.0
0069229a,zzz_DONOTUSE_Moon_JawboneBlade,,,,,,,,1.0,0.0,0,1.0,0.7944528460502625,20.0,12.587,0,91.0
00642211,crFanaticKnife,,,,,,,,1.0,0.0,0,1.0,0.7944528460502625,20.0,12.587,0,91.0
00559c99,atx_alienprobe,,,,,,,,1.0,0.0,0,1.0,0.7944528460502625,20.0,12.587,0,91.0
0040e345,zzzVault79ClimbingKnife,,,,,,,,1.0,0.0,0,1.0,0.7944528460502625,20.0,12.587,0,91.0
00403026,Survival_Switchblade_TheQuickFix,,,,,,,,1.0,0.0,0,1.0,0.7944528460502625,20.0,12.587,0,91.0
000311de,BowieKnife,,,,,,,,1.0,0.0,0,1.0,0.7944528460502625,20.0,12.587,0,91.0
0008e015,CultistDagger,,,,,,,,1.0,0.0,0,1.0,0.7944528460502625,20.0,12.587,0,91.0
000fdc81,Switchblade,,,,,,,,1.0,0.0,0,1.0,0.7944528460502625,20.0,12.587,0,91.0
000913ca,Knife,,,,,,,,1.0,0.0,0,1.0,0.7944528460502625,20.0,12.587,0,91.0
004f60a8,crUnarmedMirelurkSpawn,,,,,,,,1.0,0.0,0,0.0,0.800000011920929,20.0,12.5,0,91.0
00112ef9,crDLC04_UnarmedRadAnt,,,,,,,,1.0,0.0,0,0.0,0.800000011920929,20.0,12.5,0,91.0
000c2c34,crUnarmedRadRoach,,,,,,,,1.0,0.0,0,0.0,0.800000011920929,20.0,12.5,0,91.0
00112f06,crDLC04_UnarmedRadRat,,,,,,,,1.0,10.0,0,0.0,0.8047618865966797,20.0,12.426,1.0,91.0
000c2c31,crUnarmedMolerat,,,,,,,,1.0,10.0,0,3.0,0.8047618865966797,20.0,12.426,1.0,91.0
00518416,crUnarmedFrog,,,,,,,,1.0,10.0,0,0.0,0.8083332777023315,20.0,12.371,1.0,91.0
0063d30d,crUnarmedPowerArmor,,,,,,,,1.0,0.0,0,0.0,0.8866766691207886,20.0,11.278,0,91.0
000c2c32,UnarmedPowerArmor,,,,,,,,1.0,0.0,0,0.0,0.8866766691207886,20.0,11.278,0,91.0
00110db6,crDLC03_UnarmedAngler,,,,,,,,1.0,0.0,0,0.0,0.9166666269302368,20.0,10.909,0,91.0
000193b7,crUnarmedTick,,,,,,,,1.0,1.0,0,0.0,1.0,20.0,10.0,10.0,91.0
006bca30,crXPD_UnarmedOvergrownThorn,,,,,,,,1.0,0.0,0,0.0,1.0166666507720947,20.0,9.836,0,91.0
001c403b,crUnarmedGlowingOne,,,,,,,,1.0,0.0,0,0.0,1.0166666507720947,20.0,9.836,0,91.0
000c2c2c,crUnarmedFeralGhoul,,,,,,,,1.0,0.0,0,0.0,1.0166666507720947,20.0,9.836,0,91.0
000c2c2f,crUnarmedMirelurkKing,,,,,,,,1.0,0.0,0,0.0,1.0291666984558105,20.0,9.717,0,91.0
000c2c39,crUnarmedViciousDog,,,,,,,,1.0,0.0,0,0.0,1.0333000421524048,20.0,9.678,0,91.0
001112f8,crDLC03_UnarmedWolf,,,,,,,,1.0,0.0,0,0.0,1.0333333015441895,20.0,9.677,0,91.0
0010fd35,crDLC01BotMeleeConstructionRight,,,,,,,,1.0,0.0,0,2.0,1.0333333015441895,20.0,9.677,0,91.0
0010fd30,crDLC01BotMeleeSawRight,,,,,,,,1.0,0.0,0,2.0,1.0333333015441895,20.0,9.677,0,91.0
0010eb00,crDLC01BotMeleeStunRight,,,,,,,,1.0,0.0,0,2.0,1.0333333015441895,20.0,9.677,0,91.0
000c2c2b,crUnarmedDogmeat,,,,,,,,1.0,0.0,0,0.0,1.0333333015441895,20.0,9.677,0,91.0
0010eaff,crDLC01BotMeleeStunLeft,,,,,,,,1.0,0.0,0,2.0,1.033333420753479,20.0,9.677,0,91.0
000c2c38,crUnarmedYaoGuai,,,,,,,,1.0,0.0,0,0.0,1.0333420038223267,20.0,9.677,0,91.0
000c2c2e,crUnarmedMirelurkHunter,,,,,,,,1.0,0.0,0,0.0,1.0499999523162842,20.0,9.524,0,91.0
000c2c2d,crUnarmedMutantHound,,,,,,,,1.0,0.0,0,0.0,1.061904788017273,20.0,9.417,0,91.0
005fde0e,crScorchedSuiciderBomb,,,,,,,,1.0,0.0,0,0.0,1.096672773361206,20.0,9.118,0,91.0
005a205c,FestiveScorched_BearArm,,,,,,,,1.0,0.0,0,10.0,1.096672773361206,40.0,9.118,0,91.0
0023c36f,crUnarmedScorched,,,,,,,,1.0,0.0,0,0.0,1.096672773361206,20.0,9.118,0,91.0
0018a8d1,crUnarmedFlatwoodsMonster,,,,,,,,1.0,0.0,0,0.0,1.1166666746139526,20.0,8.955,0,91.0
0059bc16,ZZZATX_TurkeyRipper,,,,,,,,1.0,0.0,0,6.0,1.1190518140792847,40.0,8.936,0,91.0
000c2c35,crUnarmedRadScorpion,,,,,,,,1.0,0.0,0,0.0,1.1222220659255981,20.0,8.911,0,91.0
006e359e,zzz_XPD_AC02_JullianMeathook,,,,,,,,1.0,0.0,0,2.0,1.1388938426971436,30.0,8.78,0,91.0
006d1bce,crShowmenSickle,,,,,,,,1.0,0.0,0,3.0,1.1388938426971436,30.0,8.78,0,91.0
006d1be6,crShowmenRollingPin,,,,,,,,1.0,0.0,0,1.0,1.1388938426971436,25.0,8.78,0,91.0
006d1bc6,crShowmenMachete,,,,,,,,1.0,0.0,0,2.0,1.1388938426971436,30.0,8.78,0,91.0
006d1bda,crShowmenPipeWrench,,,,,,,,1.0,0.0,0,2.0,1.1388938426971436,35.0,8.78,0,91.0
006d1bdf,crShowmenTireIron,,,,,,,,1.0,0.0,0,2.0,1.1388938426971436,25.0,8.78,0,91.0
006d1be5,crShowmenHatchet,,,,,,,,1.0,0.0,0,3.0,1.1388938426971436,30.0,8.78,0,91.0
00642215,crFanaticPipeWrench,,,,,,,,1.0,0.0,0,2.0,1.1388938426971436,35.0,8.78,0,91.0
00642213,crFanaticShishkebab,,,,,,,,1.0,0.0,0,3.0,1.1388938426971436,35.0,8.78,0,91.0
00642214,crFanaticMachete,,,,,,,,1.0,0.0,0,2.0,1.1388938426971436,30.0,8.78,0,91.0
00642210,crFanaticTireIron,,,,,,,,1.0,0.0,0,2.0,1.1388938426971436,25.0,8.78,0,91.0
00613852,PipeWrench_MechanicsBestFriend,,,,,,,,1.0,0.0,0,2.0,1.1388938426971436,35.0,8.78,0,91.0
0060a29c,FaceBreaker,,,,,,,,1.0,0.0,0,4.0,1.1388938426971436,35.0,8.78,0,91.0
005fce8c,DeathclawGauntlet_UnstoppableMonster,,,,,,,,1.0,0.0,0,10.0,1.1388938426971436,40.0,8.78,0,91.0
005ef6f9,ATX_KDInkwell_Quill,,,,,,,,1.0,0.0,0,2.0,1.1388938426971436,30.0,8.78,0,91.0
005e8876,PlasmaSword,,,,,,,,1.0,0.0,0,3.0,1.1388938426971436,35.0,8.78,0,91.0
005e6f9e,DLC01_AssaultronBlade_TheGutter,,,,,,,,1.0,0.0,0,1.0,1.1388938426971436,35.0,8.78,0,91.0
005d1c14,POST_crBloodEagleBossCultistBlade_DailyOps,,,,,,,,1.0,0.0,0,3.0,1.1388938426971436,30.0,8.78,0,91.0
0059656d,W05_MQ_004P_Sickle,,,,,,,,1.0,0.0,0,3.0,1.1388938426971436,30.0,8.78,0,91.0
0059561c,ATX_TurkeyRipper,,,,,,,,1.0,0.0,0,6.0,1.1388938426971436,40.0,8.78,0,91.0
005576ca,ATX_Weapon_Melee_GardenTrowel,,,,,,,,1.0,0.0,0,2.0,1.1388938426971436,30.0,8.78,0,91.0
0055c153,Cattleprod,,,,,,,,1.0,0.0,0,2.0,1.1388938426971436,30.0,8.78,0,91.0
0055c156,Gauntlet,,,,,,,,1.0,0.0,0,6.0,1.1388938426971436,40.0,8.78,0,91.0
0042b0d4,Survival_RevolutionarySword_CommandersCharge,,,,,,,,1.0,0.0,0,3.0,1.1388938426971436,35.0,8.78,0,91.0
0042b0cb,Survival_Baton_DisorderlyConduct,,,,,,,,1.0,0.0,0,2.0,1.1388938426971436,30.0,8.78,0,91.0
0042b0ce,Survival_DeathclawGauntlet_UnstoppableMonster,,,,,,,,1.0,0.0,0,10.0,1.1388938426971436,40.0,8.78,0,91.0
0042b0d1,Survival_PipeWrench_MechanicsBestFriend,,,,,,,,1.0,0.0,0,2.0,1.1388938426971436,35.0,8.78,0,91.0
003fee52,zzzDLC01_AssaultronBlade_Babylon,,,,,,,,1.0,0.0,0,3.0,1.1388938426971436,35.0,8.78,0,91.0
003fee53,zzzSickle_Babylon,,,,,,,,1.0,0.0,0,3.0,1.1388938426971436,30.0,8.78,0,91.0
00402dba,zzz_ATX_WhiffleBat,,,,,,,,1.0,0.0,0,0.0,1.1388938426971436,20.0,8.78,0,91.0
003f7537,zzzSheepsquatch_1h_Base,,,,,,,,1.0,0.0,0,0.0,1.1388938426971436,20.0,8.78,0,91.0
003f06e2,BearArm,,,,,,,,1.0,0.0,0,10.0,1.1388938426971436,40.0,8.78,0,91.0
00455839,SheepSquatchClub,,,,,,,,1.0,0.0,0,3.0,1.1388938426971436,30.0,8.78,0,91.0
004971a3,zzz_ATX_WalkingCane_CandyCane,,,,,,,,1.0,0.0,0,2.0,1.1388938426971436,20.0,8.78,0,91.0
002ba1d9,CamdenWhackerWeapon,,,,,,,,1.0,0.0,0,2.0,1.1388938426971436,25.0,8.78,0,91.0
00033fe0,Machete,,,,,,,,1.0,0.0,0,2.0,1.1388938426971436,30.0,8.78,0,91.0
000001f4,crUnarmedDefault,,,,,,,,1.0,0.0,0,0.0,1.1388938426971436,20.0,8.78,0,91.0
005253fe,zzz_Sword_Legendary_Jason,,,,,,,,1.0,0.0,0,200.0,1.1388938426971436,35.0,8.78,0,91.0
0039c6c8,MoM_BladeOfBastet,,,,,,,,1.0,0.0,0,3.0,1.1388938426971436,35.0,8.78,0,91.0
003643da,BoneClub,,,,,,,,1.0,0.0,0,3.0,1.1388938426971436,30.0,8.78,0,91.0
00357fbd,MoM02B_HistoricSword,,,,,,,,1.0,0.0,0,3.0,1.1388938426971436,35.0,8.78,0,91.0
00342521,MTNS04_NailerSword,,,,,,,,1.0,0.0,0,3.0,1.1388938426971436,30.0,8.78,0,91.0
00111ab6,MTR05_MeteoriteSword,,,,,,,,1.0,0.0,0,3.0,1.1388938426971436,35.0,8.78,0,91.0
002c3ec7,MTR05_ChineseOfficerSword,,,,,,,,1.0,0.0,0,3.0,1.1388938426971436,35.0,8.78,0,91.0
000360cf,SkiSword,,,,,,,,1.0,0.0,0,3.0,1.1388938426971436,30.0,8.78,0,91.0
0005a937,CultistBlade,,,,,,,,1.0,0.0,0,3.0,1.1388938426971436,30.0,8.78,0,91.0
000b3293,Sickle,,,,,,,,1.0,0.0,0,3.0,1.1388938426971436,30.0,8.78,0,91.0
0010d808,Hatchet,,,,,,,,1.0,0.0,0,3.0,1.1388938426971436,30.0,8.78,0,91.0
0011475b,DLC04_CommieWhacker,,,,,,,,1.0,0.0,0,2.0,1.1388938426971436,25.0,8.78,0,91.0
00111562,DLC03_MeatHook,,,,,,,,1.0,0.0,0,2.0,1.1388938426971436,30.0,8.78,0,91.0
0010f3f2,DLC01_AssaultronBlade,,,,,,,,1.0,0.0,0,1.0,1.1388938426971436,35.0,8.78,0,91.0
00012e73,MoleMinerGauntlet,,,,,,,,1.0,0.0,0,10.0,1.1388938426971436,40.0,8.78,0,91.0
0000dc56,GuitarSword,,,,,,,,1.0,0.0,0,3.0,1.1388938426971436,35.0,8.78,0,91.0
00185d25,TireIron,,,,,,,,1.0,0.0,0,2.0,1.1388938426971436,25.0,8.78,0,91.0
00147be4,ChineseOfficerSword,,,,,,,,1.0,0.0,0,3.0,1.1388938426971436,35.0,8.78,0,91.0
00143ab5,RevolutionarySword,,,,,,,,1.0,0.0,0,3.0,1.1388938426971436,35.0,8.78,0,91.0
00142fab,RollingPin,,,,,,,,1.0,0.0,0,1.0,1.1388938426971436,25.0,8.78,0,91.0
0011b336,PowerFist,,,,,,,,1.0,0.0,0,4.0,1.1388938426971436,35.0,8.78,0,91.0
000d8576,DeathclawGauntlet,,,,,,,,1.0,0.0,0,10.0,1.1388938426971436,40.0,8.78,0,91.0
000d83bf,PipeWrench,,,,,,,,1.0,0.0,0,2.0,1.1388938426971436,35.0,8.78,0,91.0
000fdc7d,WalkingCane,,,,,,,,1.0,0.0,0,2.0,1.1388938426971436,20.0,8.78,0,91.0
000fc9c3,LeadPipe,,,,,,,,1.0,0.0,0,3.0,1.1388938426971436,30.0,8.78,0,91.0
000fa2fb,Shishkebab,,,,,,,,1.0,0.0,0,3.0,1.1388938426971436,35.0,8.78,0,91.0
000fa2f6,Ripper,,,,,,,,1.0,0.0,0,6.0,1.1388938426971436,4.0,8.78,0,91.0
000c2c27,UnarmedHuman,,,,,,,,1.0,0.0,0,0.0,1.1388938426971436,20.0,8.78,0,91.0
000ab6ae,zzz_TutorialDummy10mm,,,,,,,,1.0,0.0,0,0.0,1.1388938426971436,20.0,8.78,0,91.0
0008c14d,Baton,,,,,,,,1.0,0.0,0,2.0,1.1388938426971436,30.0,8.78,0,91.0
0006e514,DummyHandmadeDontUse,,,,,,,,1.0,0.0,0,0.0,1.1388938426971436,20.0,8.78,0,91.0
0055c153,Cattleprod,,,,,,,,1.0,0.0,0,2.0,1.1388938426971436,30.0,8.78,0,91.0
000b3293,Sickle,,,,,,,,1.0,0.0,0,3.0,1.1388938426971436,30.0,8.78,0,91.0
0005a937,CultistBlade,,,,,,,,1.0,0.0,0,3.0,1.1388938426971436,30.0,8.78,0,91.0
006477ef,E08B_DeathTambo_ToneDeath,,,,,,,,1.0,0.0,0,0.5,1.138897180557251,25.0,8.78,0,91.0
0059b550,Creature_Holiday_Weapon_SlayBells,,,,,,,,1.0,0.0,0,0.5,1.138897180557251,25.0,8.78,0,91.0
0059656b,W05_MQ_004P_Knuckles,,,,,,,,1.0,0.0,0,0.5,1.138897180557251,25.0,8.78,0,91.0
00573f01,BoneTambo,,,,,,,,1.0,0.0,0,0.5,1.138897180557251,25.0,8.78,0,91.0
0000dc55,DeathTambo,,,,,,,,1.0,0.0,0,0.5,1.138897180557251,25.0,8.78,0,91.0
0016498f,BoxingGlove,,,,,,,,1.0,0.0,0,1.0,1.138897180557251,25.0,8.78,0,91.0
0005524b,Knuckles,,,,,,,,1.0,0.0,0,0.5,1.138897180557251,25.0,8.78,0,91.0
0059b54f,Creature_Holiday_Weapon_CandyCane,,,,,,,,1.0,0.0,0,2.0,1.1388988494873047,20.0,8.78,0,91.0
00210b63,crAssaultronRightBlade,,,,,,,,1.0,0.0,0,2.0,1.155562162399292,20.0,8.654,0,91.0
00210b62,crAssaultronLeftBlade,,,,,,,,1.0,0.0,0,2.0,1.155562162399292,20.0,8.654,0,91.0
0011144b,crDLC03_UnarmedGulper,,,,,,,,1.0,0.0,0,0.0,1.1666666269302368,20.0,8.571,0,91.0
0074f5a5,crUnarmedRadTurkey,,,,,,,,1.0,0.0,0,0.0,1.2029999494552612,20.0,8.313,0,91.0
0014245d,crSuperMutantSuiciderBomb,,,,,,,,1.0,0.0,0,0.0,1.211111068725586,20.0,8.257,0,91.0
00112ee9,crDLC04_UnarmedCaveCricket,,,,,,,,1.0,0.0,0,0.0,1.2222222089767456,20.0,8.182,0,91.0
00110b22,crDLC03_UnarmedHermitCrab,,,,,,,,1.0,0.0,0,0.0,1.2444443702697754,20.0,8.036,0,91.0
0010fae1,crDLC01BotMeleeShishkebabRight,,,,,,,,1.0,0.0,0,3.0,1.2666733264923096,35.0,7.895,0,91.0
0010fae0,crDLC01BotMeleeShishkebabLeft,,,,,,,,1.0,0.0,0,3.0,1.2666733264923096,35.0,7.895,0,91.0
001bd15a,crUnarmedAssaultron,,,,,,,,1.0,0.0,0,0.0,1.2666733264923096,20.0,7.895,0,91.0
000df25a,crAssaultronLeftClaw,,,,,,,,1.0,0.0,0,2.0,1.2666733264923096,20.0,7.895,0,91.0
000df259,crAssaultronRightClaw,,,,,,,,1.0,0.0,0,2.0,1.2666733264923096,20.0,7.895,0,91.0
006cff41,crMunicipalAuditorCombatKnife,,,,,,,,1.0,0.0,0,1.0,1.2766716480255127,20.0,7.833,0,91.0
006cff33,crMunicipalAuditorBowieKnife,,,,,,,,1.0,0.0,0,1.0,1.2766716480255127,20.0,7.833,0,91.0
006cde6d,crCivilianCompetitorBowieKnife,,,,,,,,1.0,0.0,0,1.0,1.2766716480255127,20.0,7.833,0,91.0
006cde6e,crCivilianCompetitorCombatKnife,,,,,,,,1.0,0.0,0,1.0,1.2766716480255127,20.0,7.833,0,91.0
006ccc88,crMobsterSwitchblade,,,,,,,,1.0,0.0,0,1.0,1.2766716480255127,20.0,7.833,0,91.0
006ccc7b,crMobsterCombatKnife,,,,,,,,1.0,0.0,0,1.0,1.2766716480255127,20.0,7.833,0,91.0
000c2c28,crUnarmedBloodbug,,,,,,,,1.0,1.0,0,0.0,1.2888888120651245,20.0,7.759,10.0,91.0
003e07d8,crUnarmedWendigo,,,,,,,,1.0,0.0,0,0.0,1.2966747283935547,20.0,7.712,0,91.0
006419c1,crTrogBite,,,,,,,,1.0,0.0,0,0.0,1.2967000007629395,20.0,7.712,0,91.0
000c2c30,crUnarmedMirelurk,,,,,,,,1.0,0.0,0,0.0,1.3000000715255737,20.0,7.692,0,91.0
000ed6e4,crUnarmedGorilla,,,,,,,,1.0,0.0,0,0.0,1.3095238208770752,20.0,7.636,0,91.0
0063cc26,crUnarmedTrog,,,,,,,,1.0,0.0,0,0.0,1.3300999402999878,20.0,7.518,0,91.0
0010fd36,crDLC01BotMeleeConstructionLeft,,,,,,,,1.0,0.0,0,2.0,1.3333333730697632,20.0,7.5,0,91.0
0010fbe0,crDLC01BotMeleeHammerSawLeft,,,,,,,,1.0,0.0,0,3.0,1.3333333730697632,35.0,7.5,0,91.0
0010ed49,crDLC01UnarmedRoboBrain,,,,,,,,1.0,0.0,0,0.0,1.3333333730697632,20.0,7.5,0,91.0
0010ea47,crDLC01EyebotSelfDestructBot,,,,,,,,1.0,0.0,0,0.0,1.3333333730697632,20.0,7.5,0,91.0
0014781e,crSelfDestructBot,,,,,,,,1.0,0.0,0,0.0,1.3333333730697632,20.0,7.5,0,91.0
0010fffd,crUnarmedSentryBot,,,,,,,,1.0,0.0,0,0.0,1.3333333730697632,20.0,7.5,0,91.0
00002e0e,crUnarmedRadtoad,,,,,,,,1.0,0.0,0,0.0,1.3333394527435303,20.0,7.5,0,91.0
00102796,crUnarmedMirelurkQueen,,,,,,,,1.0,0.0,0,0.0,1.3499999046325684,20.0,7.407,0,91.0
002216d1,crMrGutsy_Saw_Left,,,,,,,,1.0,0.0,0,0.0,1.399999976158142,20.0,7.143,0,91.0
002216d0,crMrGutsy_Saw_Right,,,,,,,,1.0,0.0,0,0.0,1.399999976158142,20.0,7.143,0,91.0
002216cf,crMrGutsy_Saw_Middle,,,,,,,,1.0,0.0,0,0.0,1.399999976158142,20.0,7.143,0,91.0
001e0955,crMrHandy_Hand_Middle_Saw,,,,,,,,1.0,0.0,0,0.0,1.399999976158142,20.0,7.143,0,91.0
001e0954,crMrHandy_Hand_Right_Saw,,,,,,,,1.0,0.0,0,0.0,1.399999976158142,20.0,7.143,0,91.0
001e0953,crMrHandy_Hand_Left_Saw,,,,,,,,1.0,0.0,0,0.0,1.399999976158142,20.0,7.143,0,91.0
000edced,crHandySawMiddle,,,,,,,,1.0,0.0,0,0.0,1.399999976158142,20.0,7.143,0,91.0
000edcec,crHandySawRight,,,,,,,,1.0,0.0,0,0.0,1.399999976158142,20.0,7.143,0,91.0
00092a61,crHandySawLeft,,,,,,,,1.0,0.0,0,0.0,1.399999976158142,20.0,7.143,0,91.0
00479d53,crUnarmedSheepsquatch,,,,,,,,1.0,0.0,0,0.0,1.4090474843978882,20.0,7.097,0,91.0
0063d30e,crElectroEnforcer,,,,,,,,1.0,0.0,0,12.0,1.4200100898742676,40.0,7.042,0,91.0
0010fd32,crDLC01BotMeleeSkullRight,,,,,,,,1.0,0.0,0,2.0,1.4444445371627808,20.0,6.923,0,91.0
0010fd31,crDLC01BotMeleeSkullLeft,,,,,,,,1.0,0.0,0,2.0,1.4444445371627808,20.0,6.923,0,91.0
0010fd2d,crDLC01BotMeleeHookLeft,,,,,,,,1.0,0.0,0,2.0,1.4444445371627808,20.0,6.923,0,91.0
0010fd2c,crDLC01BotMeleeHammerRight,,,,,,,,1.0,0.0,0,2.0,1.4444445371627808,20.0,6.923,0,91.0
0010fd2b,crDLC01BotMeleeHammerLeft,,,,,,,,1.0,0.0,0,2.0,1.4444445371627808,20.0,6.923,0,91.0
0010fd2a,crDLC01BotMeleeDrillRight,,,,,,,,1.0,0.0,0,2.0,1.4444445371627808,20.0,6.923,0,91.0
0010fd29,crDLC01BotMeleeDrillLeft,,,,,,,,1.0,0.0,0,2.0,1.4444445371627808,20.0,6.923,0,91.0
0010fd28,crDLC01BotMeleeBatonRight,,,,,,,,1.0,0.0,0,2.0,1.4444445371627808,20.0,6.923,0,91.0
0010fd27,crDLC01BotMeleeBatonLeft,,,,,,,,1.0,0.0,0,2.0,1.4444445371627808,20.0,6.923,0,91.0
00110aee,crDLC03_UnarmedFogCrawler,,,,,,,,1.0,0.0,0,0.0,1.461538314819336,20.0,6.842,0,91.0
000c2c33,crUnarmedRadStag,,,,,,,,1.0,0.0,0,0.0,1.4916666746139526,20.0,6.704,0,91.0
00018d4f,crUnarmedMoleMiner,,,,,,,,1.0,0.0,0,0.0,1.5,20.0,6.667,0,91.0
006eb62a,crXPD_UnarmedOvergrownElder,,,,,,,,1.0,0.0,0,0.0,1.5166683197021484,20.0,6.593,0,91.0
000eb340,crUnarmedSuperMutant,,,,,,,,1.0,0.0,0,0.0,1.5166683197021484,20.0,6.593,0,91.0
00087975,crUnarmedSnallygaster,,,,,,,,1.0,10.0,0,0.0,1.5416667461395264,20.0,6.486,1.0,91.0
00784b4d,crBaton_Lost,,,,,,,,1.0,0.0,0,2.0,1.550003170967102,30.0,6.452,0,91.0
006cff49,crMunicipalAuditorMachete,,,,,,,,1.0,0.0,0,2.0,1.550003170967102,30.0,6.452,0,91.0
006cff48,crMunicipalAuditorTireIron,,,,,,,,1.0,0.0,0,2.0,1.550003170967102,25.0,6.452,0,91.0
006cff4d,crMunicipalAuditorHatchet,,,,,,,,1.0,0.0,0,3.0,1.550003170967102,30.0,6.452,0,91.0
006cff37,crMunicipalAuditorPipeWrench,,,,,,,,1.0,0.0,0,2.0,1.550003170967102,35.0,6.452,0,91.0
006cff3f,crMunicipalAuditorBaton,,,,,,,,1.0,0.0,0,2.0,1.550003170967102,30.0,6.452,0,91.0
006cde7a,crCivilianCompetitorHatchet,,,,,,,,1.0,0.0,0,3.0,1.550003170967102,30.0,6.452,0,91.0
006cde8f,crCivilianCompetitorRollingPin,,,,,,,,1.0,0.0,0,1.0,1.550003170967102,25.0,6.452,0,91.0
006cde7e,crCivilianCompetitorMachete,,,,,,,,1.0,0.0,0,2.0,1.550003170967102,30.0,6.452,0,91.0
006cde91,crCivilianCompetitorSickle,,,,,,,,1.0,0.0,0,3.0,1.550003170967102,30.0,6.452,0,91.0
006cde93,crCivilianCompetitorTireIron,,,,,,,,1.0,0.0,0,2.0,1.550003170967102,25.0,6.452,0,91.0
006cde87,crCivilianCompetitorPipeWrench,,,,,,,,1.0,0.0,0,2.0,1.550003170967102,35.0,6.452,0,91.0
006ccc7e,crMobsterMachete,,,,,,,,1.0,0.0,0,2.0,1.550003170967102,30.0,6.452,0,91.0
006ccc89,crMobsterTireIron,,,,,,,,1.0,0.0,0,2.0,1.550003170967102,25.0,6.452,0,91.0
006ccc85,crMobsterShishkebab,,,,,,,,1.0,0.0,0,3.0,1.550003170967102,35.0,6.452,0,91.0
006ccc83,crMobsterPipeWrench,,,,,,,,1.0,0.0,0,2.0,1.550003170967102,35.0,6.452,0,91.0
00011a59,crUnarmedGrafton,,,,,,,,1.0,0.0,0,0.0,1.557434320449829,0.0,6.421,0,91.0
006bca2f,crXPD_UnarmedOvergrownPollinator,,,,,,,,1.0,1.0,0,0.0,1.5633333921432495,20.0,6.397,10.0,91.0
005619c9,crUnarmedFloater,,,,,,,,1.0,1.0,0,0.0,1.5633333921432495,20.0,6.397,10.0,91.0
0055da6e,crFloaterGnasherBite,,,,,,,,1.0,1.0,0,0.0,1.5633333921432495,20.0,6.397,10.0,91.0
0010edf7,crDLC01BotMeleeMrHandy_Hand_Right_Saw,,,,,,,,1.0,0.0,0,0.0,1.5777777433395386,20.0,6.338,0,91.0
0010edf6,crDLC01BotMeleeMrHandy_Hand_Middle_Saw,,,,,,,,1.0,0.0,0,0.0,1.5777777433395386,20.0,6.338,0,91.0
0010edf4,crDLC01BotMeleeMrHandy_Hand_Left_Saw,,,,,,,,1.0,0.0,0,0.0,1.5777777433395386,20.0,6.338,0,91.0
003f4735,crHandyPincherMiddleTrumpet,,,,,,,,1.0,0.0,0,0.0,1.600000023841858,20.0,6.25,0,91.0
003f4737,crHandyPincherRightViolin,,,,,,,,1.0,0.0,0,0.0,1.600000023841858,20.0,6.25,0,91.0
003f4734,crHandyPincherLeftFlute,,,,,,,,1.0,0.0,0,0.0,1.600000023841858,20.0,6.25,0,91.0
0010efff,crDLC01UnarmedMrHandyRMOptional,,,,,,,,1.0,0.0,0,0.0,1.600000023841858,20.0,6.25,0,91.0
0010effe,crDLC01UnarmedMrHandyLMOptional,,,,,,,,1.0,0.0,0,0.0,1.600000023841858,20.0,6.25,0,91.0
0010edf9,crDLC01BotMeleeMrHandy_Pincer_Right,,,,,,,,1.0,0.0,0,0.0,1.600000023841858,20.0,6.25,0,91.0
0010edf8,crDLC01BotMeleeMrHandy_Pincer_Left,,,,,,,,1.0,0.0,0,0.0,1.600000023841858,20.0,6.25,0,91.0
0010edf5,crDLC01BotMeleeMrHandy_Pincer_Middle,,,,,,,,1.0,0.0,0,0.0,1.600000023841858,20.0,6.25,0,91.0
0010eb69,crMrHandy_Pincher_Right,,,,,,,,1.0,0.0,0,0.0,1.600000023841858,20.0,6.25,0,91.0
0010eb68,crMrHandy_Pincher_Middle,,,,,,,,1.0,0.0,0,0.0,1.600000023841858,20.0,6.25,0,91.0
0010eb67,crMrHandy_Pincher_Left,,,,,,,,1.0,0.0,0,0.0,1.600000023841858,20.0,6.25,0,91.0
000edceb,crHandyPincherRight,,,,,,,,1.0,0.0,0,0.0,1.600000023841858,20.0,6.25,0,91.0
000edcea,crHandyPincherLeft,,,,,,,,1.0,0.0,0,0.0,1.600000023841858,20.0,6.25,0,91.0
00092a60,crHandyPincherMiddle,,,,,,,,1.0,0.0,0,0.0,1.600000023841858,20.0,6.25,0,91.0
0000ffef,crUnarmedHoneyBeast,,,,,,,,1.0,10.0,0,0.0,1.6222223043441772,20.0,6.164,1.0,91.0
00559d47,zzzATX_BrandingIronRaider,,,,,,,,1.0,0.0,0,2.0,1.6733434200286865,40.0,5.976,0,91.0
0055c155,zzzDynamiteSpear,,,,,,,,1.0,0.0,0,2.0,1.6733434200286865,40.0,5.976,0,91.0
002d473a,Spear,,,,,,,,1.0,0.0,0,2.0,1.6733434200286865,40.0,5.976,0,91.0
0003a1d1,Pitchfork,,,,,,,,1.0,0.0,0,2.0,1.6733434200286865,40.0,5.976,0,91.0
000c2c2a,crUnarmedDeathclaw,,,,,,,,1.0,0.0,0,0.0,1.6888889074325562,20.0,5.921,0,91.0
006bbe7f,crUnarmedBlueDevil,,,,,,,,1.0,0.0,0,0.0,1.7095237970352173,20.0,5.85,0,91.0
00113254,crDLC04_UnarmedBrahmiluff,,,,,,,,1.0,0.0,0,0.0,1.8000000715255737,20.0,5.556,0,91.0
000c2c29,crUnarmedBrahmin,,,,,,,,1.0,0.0,0,0.0,1.8000000715255737,20.0,5.556,0,91.0
00766ac2,Shovel_NPC,,,,,,,,1.0,0.0,0,6.0,1.800010085105896,40.0,5.556,0,91.0
007551de,zzz_HeadHunter_Scythe,,,,,,,,1.5,0.0,0,1.5,1.800010085105896,30.0,5.556,0,136.5
0072df0b,Stormcutter,,,,,,,,1.0,0.0,0,15.0,1.800010085105896,45.0,5.556,0,91.0
0076aaa4,AC_MQ02_StarClown_Weapon_NONPLAYABLE,,,,,,,,1.5,0.0,0,20.0,1.800010085105896,45.0,5.556,0,136.5
006ea336,XPD_AC02_JuchiWeapon,,,,,,,,1.0,0.0,0,12.0,1.800010085105896,40.0,5.556,0,91.0
006d1bcd,crShowmenPickaxe,,,,,,,,1.0,0.0,0,2.5,1.800010085105896,40.0,5.556,0,91.0
006d1be4,crShowmenBaseballBat,,,,,,,,1.0,0.0,0,3.0,1.800010085105896,35.0,5.556,0,91.0
006d1bc9,crShowmenShovel,,,,,,,,1.0,0.0,0,6.0,1.800010085105896,40.0,5.556,0,91.0
006d1bd9,crShowmenWoodCuttingAxe,,,,,,,,1.0,0.0,0,4.0,1.800010085105896,40.0,5.556,0,91.0
006d1bd5,crShowmenSledgehammer,,,,,,,,1.0,0.0,0,12.0,1.800010085105896,40.0,5.556,0,91.0
006d1be3,crShowmenGolfClub,,,,,,,,1.0,0.0,0,3.0,1.800010085105896,40.0,5.556,0,91.0
006bca31,crXPD_OvergrownSledgehammer,,,,,,,,1.0,0.0,0,12.0,1.800010085105896,40.0,5.556,0,91.0
006e1353,SuperSledge_NPCONLY,,,,,,,,1.0,0.0,0,20.0,1.800010085105896,45.0,5.556,0,91.0
006ccca2,JoeyBello_SuperSledge_BadaBoom,,,,,,,,1.5,0.0,0,20.0,1.800010085105896,45.0,5.556,0,136.5
006a0092,zzzzz_Moon_CultistPickaxe,,,,,,,,1.0,0.0,0,2.5,1.800010085105896,40.0,5.556,0,91.0
00668807,E09A_BaseballBat_RatBat,,,,,,,,1.0,0.0,0,3.0,1.800010085105896,35.0,5.556,0,91.0
00662761,E09B_SuperSledge_WhackerSmacker,,,,,,,,1.5,0.0,0,20.0,1.800010085105896,45.0,5.556,0,136.5
006477ed,E08B_SuperSledge_TheDebilitator,,,,,,,,1.0,0.0,0,20.0,1.800010085105896,45.0,5.556,0,91.0
00633475,E08A_GulperSmacker,,,,,,,,1.0,0.0,0,3.0,1.800010085105896,35.0,5.556,0,91.0
00642216,crFanaticPickaxe,,,,,,,,1.0,0.0,0,2.5,1.800010085105896,40.0,5.556,0,91.0
00642212,crFanaticSledgehammer,,,,,,,,1.0,0.0,0,12.0,1.800010085105896,40.0,5.556,0,91.0
0064220c,crFanaticBaseballBat,,,,,,,,1.0,0.0,0,3.0,1.800010085105896,35.0,5.556,0,91.0
0064220b,crFanaticWoodCuttingAxe,,,,,,,,1.0,0.0,0,4.0,1.800010085105896,40.0,5.556,0,91.0
00640193,crBaseballBat_Spiked,,,,,,,,1.0,0.0,0,3.0,1.800010085105896,35.0,5.556,0,91.0
00630c7d,ElectroEnforcer,,,,,,,,1.0,0.0,0,8.0,1.800010085105896,40.0,5.556,0,91.0
00621548,TEMPLATE_Legendary_Weapon_Melee,,,,,,,,1.0,0.0,0,44.0,1.800010085105896,33.0,5.556,0,91.0
005eefe3,WarGlaive_NONPLAYABLE,,,,,,,,1.0,0.0,0,9.0,1.800010085105896,40.0,5.556,0,91.0
005ea440,SuperSledge_TheFarmhand,,,,,,,,1.0,0.0,0,20.0,1.800010085105896,45.0,5.556,0,91.0
005e897c,WarGlaive_Oathbreaker,,,,,,,,1.0,0.0,0,9.0,1.800010085105896,40.0,5.556,0,91.0
005d79c7,WarGlaive,,,,,,,,1.0,0.0,0,9.0,1.800010085105896,40.0,5.556,0,91.0
005a5316,ATX_Grognak_HockeyStick,,,,,,,,1.0,0.0,0,10.0,1.800010085105896,20.0,5.556,0,91.0
0059656c,W05_MQ_004P_Sledgehammer,,,,,,,,1.0,0.0,0,12.0,1.800010085105896,40.0,5.556,0,91.0
00553295,MeatTenderizer,,,,,,,,1.0,0.0,0,20.0,1.800010085105896,45.0,5.556,0,91.0
005527bc,ZZZ_Grahams_MeatTenderizer_Pepper,,,,,,,,1.0,0.0,0,20.0,1.800010085105896,45.0,5.556,0,91.0
005527bb,ZZZ_Grahams_MeatTenderizer,,,,,,,,1.0,0.0,0,20.0,1.800010085105896,45.0,5.556,0,91.0
005527bd,ZZZ_Grahams_MeatTenderizer_Cayanne,,,,,,,,1.0,0.0,0,20.0,1.800010085105896,45.0,5.556,0,91.0
003fec30,zzzBonehammer_Babylon,,,,,,,,1.0,0.0,0,12.0,1.800010085105896,40.0,5.556,0,91.0
003f7538,zzzSheepsquatch_2h_Base,,,,,,,,1.0,0.0,0,0.0,1.800010085105896,20.0,5.556,0,91.0
0045582b,ShepherdsCrook,,,,,,,,1.0,0.0,0,7.0,1.800010085105896,40.0,5.556,0,91.0
00455847,SheepsquatchStaff,,,,,,,,1.0,0.0,0,12.0,1.800010085105896,40.0,5.556,0,91.0
004749c9,ZZZ_ATX_Pickaxe_Modern,,,,,,,,1.0,0.0,0,2.5,1.800010085105896,40.0,5.556,0,91.0
004716ba,ATX_CroquetMallet_Red,,,,,,,,1.0,0.0,0,2.0,1.800010085105896,20.0,5.556,0,91.0
00498710,ATX_CroquetMallet,,,,,,,,1.0,0.0,0,2.0,1.800010085105896,20.0,5.556,0,91.0
004e2e20,Shovel,,,,,,,,1.0,0.0,0,6.0,1.800010085105896,40.0,5.556,0,91.0
003c96e6,CharGen_GolfClub_NoName,,,,,,,,1.0,0.0,0,12.0,1.800010085105896,40.0,5.556,0,91.0
003643d9,Bonehammer,,,,,,,,1.0,0.0,0,12.0,1.800010085105896,40.0,5.556,0,91.0
002d4aa0,ProtestSign10,,,,,,,,1.0,0.0,0,3.0,1.800010085105896,33.0,5.556,0,91.0
002d4a7f,ProtestSign09,,,,,,,,1.0,0.0,0,3.0,1.800010085105896,33.0,5.556,0,91.0
002d4960,ProtestSign08,,,,,,,,1.0,0.0,0,3.0,1.800010085105896,33.0,5.556,0,91.0
002d4867,ProtestSign07,,,,,,,,1.0,0.0,0,3.0,1.800010085105896,33.0,5.556,0,91.0
002d4866,ProtestSign06,,,,,,,,1.0,0.0,0,3.0,1.800010085105896,33.0,5.556,0,91.0
002d4865,ProtestSign05,,,,,,,,1.0,0.0,0,3.0,1.800010085105896,33.0,5.556,0,91.0
002d4864,ProtestSign04,,,,,,,,1.0,0.0,0,3.0,1.800010085105896,33.0,5.556,0,91.0
002d4857,ProtestSign03,,,,,,,,1.0,0.0,0,3.0,1.800010085105896,33.0,5.556,0,91.0
002d4837,ProtestSign02,,,,,,,,1.0,0.0,0,3.0,1.800010085105896,33.0,5.556,0,91.0
002d481e,ProtestSign01,,,,,,,,1.0,0.0,0,3.0,1.800010085105896,33.0,5.556,0,91.0
002a0405,WoodCuttingAxe,,,,,,,,1.0,0.0,0,4.0,1.800010085105896,40.0,5.556,0,91.0
00073677,GolfClub,,,,,,,,1.0,0.0,0,3.0,1.800010085105896,40.0,5.556,0,91.0
0012b793,Fire_Axe,,,,,,,,1.0,0.0,0,3.0,1.800010085105896,30.0,5.556,0,91.0
00002840,Pickaxe,,,,,,,,1.0,0.0,0,2.5,1.800010085105896,40.0,5.556,0,91.0
00110771,DLC03_PoleHook,,,,,,,,1.0,0.0,0,7.0,1.800010085105896,40.0,5.556,0,91.0
0010ec97,DLC01MrHandyBuzzBlade,,,,,,,,1.0,0.0,0,10.0,1.800010085105896,4.0,5.556,0,91.0
0000dc57,WarDrum,,,,,,,,1.0,0.0,0,20.0,1.800010085105896,45.0,5.556,0,91.0
00183fcd,DN160_GrognakAxe,,,,,,,,1.0,0.0,0,10.0,1.800010085105896,20.0,5.556,0,91.0
000ff964,SuperSledge,,,,,,,,1.0,0.0,0,20.0,1.800010085105896,45.0,5.556,0,91.0
000e7ab9,Sledgehammer,,,,,,,,1.0,0.0,0,12.0,1.800010085105896,40.0,5.556,0,91.0
000fa3e8,PoolCue,,,,,,,,1.0,0.0,0,1.0,1.800010085105896,30.0,5.556,0,91.0
0005c250,Board,,,,,,,,1.0,0.0,0,3.0,1.800010085105896,33.0,5.556,0,91.0
0008e736,BaseballBat,,,,,,,,1.0,0.0,0,3.0,1.800010085105896,35.0,5.556,0,91.0
00183fcd,DN160_GrognakAxe,,,,,,,,1.0,0.0,0,10.0,1.800010085105896,20.0,5.556,0,91.0
00011a7c,crMothmanAttack2,,,,,,,,1.0,0.0,0,2.0,1.816666603088379,30.0,5.505,0,91.0
0000f268,crMothmanStalk,,,,,,,,1.0,0.0,0,2.0,1.816666603088379,30.0,5.505,0,91.0
0000f266,crMothmanAttack1,,,,,,,,1.0,0.0,0,2.0,1.816666603088379,30.0,5.505,0,91.0
0000ec88,crUnarmedMothman,,,,,,,,1.0,10.0,0,0.0,1.816666603088379,20.0,5.505,1.0,91.0
00037ca3,crUnarmedLiberator,,,,,,,,1.0,0.0,0,0.0,1.9222221374511719,20.0,5.202,0,91.0
000df621,crFireHydrantBat,,,,,,,,1.0,0.0,0,3.0,1.9523810148239136,20.0,5.122,0,91.0
000c2c37,crUnarmedBehemoth,,,,,,,,1.0,0.0,0,0.0,1.9523810148239136,20.0,5.122,0,91.0
0063f054,cr_alienprobe,,,,,,,,1.0,0.0,0,1.0,2.0,20.0,5.0,0,91.0
004deab6,crUnarmedHoneyBeastBeeSwarm,,,,,,,,1.0,0.0,0,0.0,2.0,20.0,5.0,0,91.0
002054e5,crUnarmedAlien,,,,,,,,1.0,0.0,0,0.0,2.0,20.0,5.0,0,91.0
00112eea,crDLC04_UnarmedSwarm,,,,,,,,1.0,0.0,0,0.0,2.0,20.0,5.0,0,91.0
00784b4c,crStormcutter_Lost,,,,,,,,1.0,0.0,0,15.0,2.0370426177978516,45.0,4.909,0,91.0
006cff38,crMunicipalAuditorSledgehammer,,,,,,,,1.0,0.0,0,12.0,2.0370426177978516,40.0,4.909,0,91.0
006cff30,crMunicipalAuditorWoodCuttingAxe,,,,,,,,1.0,0.0,0,4.0,2.0370426177978516,40.0,4.909,0,91.0
006cde83,crCivilianCompetitorPickaxe,,,,,,,,1.0,0.0,0,2.5,2.0370426177978516,40.0,4.909,0,91.0
006cde92,crCivilianCompetitorSledgehammer,,,,,,,,1.0,0.0,0,12.0,2.0370426177978516,40.0,4.909,0,91.0
006cde77,crCivilianCompetitorGolfClub,,,,,,,,1.0,0.0,0,3.0,2.0370426177978516,40.0,4.909,0,91.0
006cde90,crCivilianCompetitorShovel,,,,,,,,1.0,0.0,0,6.0,2.0370426177978516,40.0,4.909,0,91.0
006cde94,crCivilianCompetitorWoodCuttingAxe,,,,,,,,1.0,0.0,0,4.0,2.0370426177978516,40.0,4.909,0,91.0
006cde6b,crCivilianCompetitorBaseballBat,,,,,,,,1.0,0.0,0,3.0,2.0370426177978516,35.0,4.909,0,91.0
006ccc75,crMobsterBaseballBat,,,,,,,,1.0,0.0,0,3.0,2.0370426177978516,35.0,4.909,0,91.0
006ccc82,crMobsterPickaxe,,,,,,,,1.0,0.0,0,2.5,2.0370426177978516,40.0,4.909,0,91.0
006ccc86,crMobsterSledgehammer,,,,,,,,1.0,0.0,0,12.0,2.0370426177978516,40.0,4.909,0,91.0
006ccc8a,crMobsterWoodCuttingAxe,,,,,,,,1.0,0.0,0,4.0,2.0370426177978516,40.0,4.909,0,91.0
0064fe93,crFanaticSledgehammer_CustomBleed_XPD_Pitt02_Harrower,,,,,,,,1.0,0.0,0,12.0,2.0370426177978516,40.0,4.909,0,91.0
000edce8,crHandyFlamethrowerLeft,,,,,,,,1.0,0.0,0,0.0,2.200000047683716,20.0,4.545,0,91.0
006d7a02,crUnarmedStormBoss,,,,,,,,1.0,0.0,0,0.0,2.3333332538604736,20.0,4.286,0,91.0
0004dfce,crUnarmedMegaSloth,,,,,,,,1.0,0.0,0,0.0,2.7133333683013916,20.0,3.686,0,91.0
0060e434,crBehemothBossGlassClub,,,,,,,,1.0,0.0,0,3.0,3.4166667461395264,20.0,2.927,0,91.0
0060d163,crUnarmedBehemothBoss,,,,,,,,1.0,0.0,0,0.0,3.4166667461395264,20.0,2.927,0,91.0
0060040d,crBehemothBossFireHydrantBat,,,,,,,,1.0,0.0,0,3.0,3.4166667461395264,20.0,2.927,0,91.0
0069120c,crUnarmedOgua,,,,,,,,1.0,0.0,0,0.0,3.7185184955596924,20.0,2.689,0,91.0
0065e7ef,crUnarmedUltraciteAbomination,,,,,,,,1.0,0.0,0,0.0,4.074999809265137,20.0,2.454,0,91.0
0054821e,crUnarmedWendigoColossus,,,,,,,,1.0,0.0,0,0.0,4.728333473205566,20.0,2.115,0,91.0
